,id,channelid,categoryid,lang,viewcount,likecount,favoritecount,commentcount,region
0,NV_d0kmwNL8,UC6cqazSR6CnVMClY0bJI0Lg,23,ru,5980134,391205,0,87891,ua
1,oBYl9BBs0CE,UCQVtD_N4OeD-9PshBq7NwyQ,25,ru,1943107,404759,0,5706,ua
2,RHWAFgS9yT4,UCZctsW8Tpx8Tz9Ln4KUmR3g,25,uk,478039,17800,0,942,ua
3,k8FtFu8ogtY,UCQVtD_N4OeD-9PshBq7NwyQ,25,ru,1921253,335824,0,8435,ua
4,Tnq9U3F6r8M,UCEC4D0dTTJr_EEnEJz15hnQ,25,uk,2718810,73892,0,6950,ua
5,u7_lljUeHrY,UCp2J7GRxQ36QLqW4ReLLt5g,22,ru,1356584,62073,0,40209,ua
6,2pVujmGqWBA,UCW4Ah_bgAE1gAyMxs6xLxBQ,20,ru,5531263,436439,0,1409,ua
7,tY0hgONUYUw,UCQVtD_N4OeD-9PshBq7NwyQ,25,ru,1924842,434060,0,4733,ua
8,YXcPu1JmcOA,UCHgiqmsIHN2PlQnBIRFRGGg,25,ru,1410193,43019,0,3603,ua
9,BS8GRhTNjE8,UCQTzJnAqWZwzH0GCp1hIsFg,15,ru,3161808,254394,0,557,ua
10,rvm3ZChjPMQ,UC21so8jLl5sqhD2o_BMzuTw,23,ru,684507,43150,0,3019,ua
11,s-GLAIY4DXA,UCnRR-BtJ7dL3azi2XC09JBA,1,ru,3828329,370315,0,50730,ua
12,yVPXnd5pGgQ,UCyN8Cpug_YwyAKCXbJ9jXrg,1,ru,2434077,12325,0,884,ua
13,GO6NYxPkxec,UCTEZxfUxEtY4TOsFKv80fnQ,23,en-US,2919369,189505,0,532,ua
14,dm0iFuAKNZo,UC9XJvt8OT-9_8QHDBdqocaw,2,ru,2081933,107947,0,1798,ua
15,0PSok30sGJY,UCS-_94qsFjXIn6Rp7AjMnVQ,22,ru,5156945,288863,0,,ua
16,PgbIVpb2Szc,UCudM1oGq2njKOWSXT_Rdp3g,10,ru,2348055,140166,0,604,ua
17,BHOrwmeSrQQ,UCqPSpViOkFJPodlL7wV8WNA,20,,980463,110673,0,749,ua
18,UUIFQVbIuaQ,UCopcQiBf6yqBPSNFz9x4OYw,25,,216351,9126,0,,ua
19,oHRzBPGLRRk,UCSmIsV29zKjy2wX3zwy-q-A,22,uk,338911,20684,0,1947,ua
20,6ehOgGlcn6E,UC8kI2B-UUv7A5u3AOUnHNMQ,25,ru,1251646,112971,0,9701,ua
21,Vv7Pnyu4GU8,UC-7YAe1YYXVS_ZxLRwLVblA,1,ru,393505,,0,258,ua
22,9Q7kfx5HS2c,UCk9qO_FlPd0zKv66mgVdQ8Q,22,,636666,25837,0,1100,ua
23,o0cL6o1zKfo,UCnm_vYgguleXm0FL4F2vejg,24,ru,1984834,64166,0,3042,ua
24,ikUcovqKWCs,UCsRbA_leAOKaeDLXmGEmHjg,1,ru,1177571,5830,0,396,ua
25,quIXDIWVKHU,UCF0yfUFQlNS67JpGIh_9ApA,1,,977496,157347,0,3609,ua
26,nmS_Hbyn55k,UCAe4XfXD-WqP5FsGSO_h-xg,2,ru,1481448,79495,0,1463,ua
27,saQkqS9pSnA,UCQwVj4PyS5leCgEJY4I2t1Q,25,uk,361860,5936,0,1092,ua
28,V6i72srwsxc,UCbt1nwQXG6PZIn8iEgvMyVw,1,ru,416581,2569,0,136,ua
29,xTm7v93Mebg,UCx5Ss5P2GQ-q1Q62wXqf59A,24,,1851575,154775,0,1680,ua
30,-nBetiPB82Q,UC-HNFt8XqtMXgkBlZB83v3A,25,uk,684639,31529,0,3344,ua
31,dA_0XIky2UM,UC-wWyFdk_txbZV8FKEk0V8A,25,ru,921042,18610,0,1331,ua
32,nQ-7ZLX3oyM,UCkI0W5JGR4eqJA-Qt1rNx1Q,10,,375902,17209,0,825,ua
33,k3Ncs0anYCI,UCpJuziZAwEFnoeNGSaxQlCQ,22,ru,3801892,214605,0,31653,ua
34,nW2GDjXxKoU,UC1HJy3m76-yikrSMfljk21Q,10,ru,1138273,43576,0,1956,ua
35,mtwvsTAJ0Cc,UCsRbA_leAOKaeDLXmGEmHjg,1,ru,409559,2217,0,61,ua
36,ZU2lN-wtMyM,UC4gVKW7oYok8-3vmeIBNB_w,22,ru,425941,24952,0,921,ua
37,8buYTc6yxV8,UCQsWN-X2RcNJ8DwPsMvR5Mw,22,ru,1857801,40253,0,1733,ua
38,FJ_F0H7dcCg,UCS-_94qsFjXIn6Rp7AjMnVQ,22,ru,2129475,135640,0,,ua
39,gSoEwJDNTCY,UCM44x9uWlx__9M9Y2IFhxzQ,24,,1347720,82728,0,3483,ua
40,PYi6EgAegzw,UCx7Y6vzM8dTD-2VkP9M-DUQ,1,ru,471301,27158,0,1167,ua
41,QHX1fX22kP4,UC0yD2Aw5-HOYUyZCu7hyR9Q,17,uk,195082,4293,0,1,ua
42,XltDYL42rZg,UCwDF_86MbmsQp7cBtgIflJg,23,,1080572,74985,0,5006,ua
43,14Z4K4GMUYg,UCMEiyV8N2J93GdPNltPYM6w,25,ru,1087901,37807,0,2403,ua
44,CU-1ugD-ceg,UCCf5_svdP2LGjhgt6nfXXYg,10,uk,2164271,112727,0,5057,ua
45,TGYP5fqmR6Y,UCfmieix6qeojgwFZuf2m2gA,1,ru,205033,813,0,25,ua
46,mpUVaGpkCQ0,UCt3igz3aIXfS108KV_jZsMA,25,ru,396890,9219,0,,ua
47,vRQUhObXDGU,UC0epWL_U_mWZtLJnWmutUyw,10,ru,1396966,59793,0,10069,ua
48,Se6fXR0Yzlc,UC0vnG5218gR_SRvWjl6D4fA,22,uk,279319,38021,0,1792,ua
49,2nCSdHgi-84,UCZctsW8Tpx8Tz9Ln4KUmR3g,25,uk,282563,9868,0,903,ua
0,NV_d0kmwNL8,UC6cqazSR6CnVMClY0bJI0Lg,23,ru,5980134,391205,0,87891,by
1,2pVujmGqWBA,UCW4Ah_bgAE1gAyMxs6xLxBQ,20,ru,5531263,436439,0,1409,by
2,k3Ncs0anYCI,UCpJuziZAwEFnoeNGSaxQlCQ,22,ru,3801892,214605,0,31653,by
3,dm0iFuAKNZo,UC9XJvt8OT-9_8QHDBdqocaw,2,ru,2081933,107947,0,1798,by
4,yVPXnd5pGgQ,UCyN8Cpug_YwyAKCXbJ9jXrg,1,ru,2434077,12325,0,884,by
5,nmS_Hbyn55k,UCAe4XfXD-WqP5FsGSO_h-xg,2,ru,1481448,79495,0,1463,by
6,0PSok30sGJY,UCS-_94qsFjXIn6Rp7AjMnVQ,22,ru,5156945,288863,0,,by
7,ZcJpj7uZNXM,UCwipTluVS2mjuhPtx2WU7eQ,24,ru,4550243,554965,0,23157,by
8,BS8GRhTNjE8,UCQTzJnAqWZwzH0GCp1hIsFg,15,ru,3161808,254397,0,557,by
9,o0cL6o1zKfo,UCnm_vYgguleXm0FL4F2vejg,24,ru,1984834,64166,0,3042,by
10,ohSoVJQVrlE,UCO4hWU1s0caDEscdVV0my-A,20,ru,1906098,169789,0,3644,by
11,HTTai9odPfI,UCOfVHvuOx5SanXGv29_yY-A,23,,2151996,95688,0,2161,by
12,GO6NYxPkxec,UCTEZxfUxEtY4TOsFKv80fnQ,23,en-US,2919369,189505,0,532,by
13,s-GLAIY4DXA,UCnRR-BtJ7dL3azi2XC09JBA,1,ru,3828329,370315,0,50730,by
14,e5Vr2PHFehg,UCWnqnojAgMdN0fQpr_xByJw,10,ru,4951880,267093,0,20687,by
15,nW2GDjXxKoU,UC1HJy3m76-yikrSMfljk21Q,10,ru,1138273,43576,0,1956,by
16,u7_lljUeHrY,UCp2J7GRxQ36QLqW4ReLLt5g,22,ru,1356584,62073,0,40209,by
17,pma0rkGM4h8,UCNQJDRz_59MNhoLjfBoCcMA,24,,1042566,57324,0,2495,by
18,AesQB9F6upU,UC0lT9K8Wfuc1KPqm6YjRf1A,2,ru,1454210,61668,0,3124,by
19,xTm7v93Mebg,UCx5Ss5P2GQ-q1Q62wXqf59A,24,,1851575,154775,0,1680,by
20,PgbIVpb2Szc,UCudM1oGq2njKOWSXT_Rdp3g,10,ru,2348055,140166,0,604,by
21,o_yolRCqTY4,UCJmWNbyVKudgujtZ2fuIbDQ,1,,704385,4417,0,228,by
22,xE5u-5xXgN8,UCWqeoQKVbAfMjk8-aC713JQ,22,ru,174776,3191,0,1197,by
23,FJ_F0H7dcCg,UCS-_94qsFjXIn6Rp7AjMnVQ,22,ru,2129475,135640,0,,by
24,MWvnTHlLiKI,UCymA9jx0jKHHMWY-3SREmrw,24,ru,1952887,7333,0,447,by
25,iK1LrVde_GA,UC2tsySbe9TNrI-xh2lximHA,24,ru,8102494,372633,0,16833,by
26,ikUcovqKWCs,UCsRbA_leAOKaeDLXmGEmHjg,1,ru,1177571,5830,0,396,by
27,UW9GMtIJMkU,UCgN_VU99ugR-LCGYXWRvGGg,1,ru,810842,5023,0,379,by
28,oBYl9BBs0CE,UCQVtD_N4OeD-9PshBq7NwyQ,25,ru,1943107,404759,0,5706,by
29,AORf6jwXaAo,UCNVy3JfDYZ8jgsipemTMiGA,1,ru,799940,80634,0,2654,by
30,BHOrwmeSrQQ,UCqPSpViOkFJPodlL7wV8WNA,20,,980463,110675,0,749,by
31,quIXDIWVKHU,UCF0yfUFQlNS67JpGIh_9ApA,1,,977496,157347,0,3609,by
32,A_ANagfCjJ4,UC7WQEi7TZtnSuuesSrOhVwg,24,,4820687,,0,796,by
33,3jKfUwdTNrw,UCt3igz3aIXfS108KV_jZsMA,25,ru,239466,9284,0,,by
34,PYi6EgAegzw,UCx7Y6vzM8dTD-2VkP9M-DUQ,1,ru,471301,27158,0,1167,by
35,cgIKMBaV_Zg,UCPn3K92O2tkAjzu6mlMPtvA,23,en,1998705,151040,0,10548,by
36,-0k9EeKq8Z4,UC608azSGWiQYi5ImYgOZgdg,1,ru,3109123,23696,0,1215,by
37,7-Y86AEEnYs,UCs-6x-6RKU_1ks1DNKi2oqA,25,ru,73968,5630,0,237,by
38,MJWyPIpK1Zo,UCjxM3unn52MQw6tI7Kk7n_A,24,ru,7435879,423675,0,2643,by
39,8buYTc6yxV8,UCQsWN-X2RcNJ8DwPsMvR5Mw,22,ru,1857801,40253,0,1733,by
40,UISuZUzKYO4,UCU_yU4xGT9hrVFo6euH8LLw,24,ru,2424126,152788,0,7739,by
41,Qee7kJI6i-E,UCh3yCLRgNaVrgSB6rCdQV_g,22,ru,237275,15780,0,223,by
42,Zg9wEwqVJBk,UCSF6ewY9LS8GnbphwvnZpUg,22,ru,1579894,231593,0,10479,by
43,dcBBUU5tw2M,UCwDF_86MbmsQp7cBtgIflJg,23,,717000,50696,0,1760,by
44,uPaUAM7zXj8,UCJTBRN07wXXuUNZ722TtQYg,17,,1858007,39855,0,6168,by
45,JsCstbyqIbo,UCNRYbltJXhf6DepS26-uSbQ,29,ru,883501,35051,0,5281,by
46,Vv7Pnyu4GU8,UC-7YAe1YYXVS_ZxLRwLVblA,1,ru,393505,,0,258,by
47,yCJBp7o1yCU,UC7p0GCM88wBsrlv5n5eeCHw,23,,684830,37891,0,2934,by
48,Uf9zElxVCgc,UCWqeoQKVbAfMjk8-aC713JQ,22,ru,111487,1753,0,239,by
49,mdjTYrKDb88,UCdmauIL-k-djcct-yMrf82A,1,ru,1109687,10127,0,241,by
0,NV_d0kmwNL8,UC6cqazSR6CnVMClY0bJI0Lg,23,ru,5980134,391205,0,87891,ru
1,EX5IItiX5xU,UC2tsySbe9TNrI-xh2lximHA,24,ru,2953722,268285,0,14658,ru
2,BHOrwmeSrQQ,UCqPSpViOkFJPodlL7wV8WNA,20,,980463,110676,0,749,ru
3,u7_lljUeHrY,UCp2J7GRxQ36QLqW4ReLLt5g,22,ru,1356584,62074,0,40209,ru
4,5aKD-LIrn3U,UCUTYX1IOaUXqYB1_Ca5iXPQ,24,ru,257136,21255,0,777,ru
5,xXmeodr2OzU,UCr5o-O2LPyxVb08MDjI53-Q,24,ru,174246,19646,0,782,ru
6,XITVQnWOw8Y,UCxb3T9s7kRVyRZAe90Vcg0w,20,ru,445362,55563,0,549,ru
7,tCR4KVEmIZA,UCzxsWdAqfZfak63rTC6m1XQ,22,ru,93513,9767,0,602,ru
8,21BlFxUUeaE,UCWtKj_hAkSwMSNxHonsYWDw,1,ru,302761,27937,0,2355,ru
9,pjDmJb_jxNI,UCJDBeG3tqcHBNKH6yBLCRcQ,22,ru,127806,11913,0,813,ru
10,pyyXamw9C5c,UC-NndkxVQp1eaJdttVDlJ7g,20,ru,88077,10677,0,1755,ru
11,rwohf9WEEFY,UCLlSts9lJLf90vFFNx7le4w,2,,403593,21257,0,1088,ru
12,6ehOgGlcn6E,UC8kI2B-UUv7A5u3AOUnHNMQ,25,ru,1251646,112971,0,9701,ru
13,cDD6ju8fEK4,UCjDPtHEW-QqbUtAUIqD00gg,2,ru,141401,9601,0,604,ru
14,trZxdqWbQqI,UCYKXkKRqQqCoIAHG0_N32QQ,17,,69570,8244,0,567,ru
15,ndEcIajJMYU,UCKC0KDcTiwYVS2y_dN5fGlg,22,,56456,4701,0,227,ru
16,VfaPh_IrE6M,UCgen6XVxThaAGp6FzMXRkQg,17,,44270,3734,0,227,ru
17,UO7ey5n9xoU,UCB99Xxp62Ptp6IRJSLVytAQ,23,ru,545410,36454,0,102,ru
18,4gbufODHYiA,UCEC4D0dTTJr_EEnEJz15hnQ,25,uk,1579886,51635,0,4326,ru
19,BhlkzNE-Fhw,UCvQXaJTjA3jRucTKN4CGiwg,22,ru,431430,15474,0,2565,ru
20,_DMDQJuar00,UCBG57608Hukev3d0d-gvLhQ,25,ru,211246,6103,0,1342,ru
21,t3-kOfOBD20,UC9IFdqABtfSsCMhEWiIh7YA,28,ru,91955,16768,0,406,ru
22,PgbIVpb2Szc,UCudM1oGq2njKOWSXT_Rdp3g,10,ru,2348055,140167,0,604,ru
23,VIjAsjBmYm0,UCTEZxfUxEtY4TOsFKv80fnQ,23,en-US,99536,7721,0,55,ru
24,7JYGsjY9A8g,UCwrRor4IvrByHGeWoPhddXw,17,ru,139288,5726,0,435,ru
25,Vzfns7gz7OQ,UCn2hJqiDl0LjxM8sV1nx1Ww,20,ru,230298,23125,0,54,ru
26,FMR9mqnUbHI,UCNdW2UCjmbE97i-ys4hjOaA,22,ru,133638,10650,0,478,ru
27,KAS7d8agVqQ,UCZE-Xroy-8Ahob1a-g8WEiA,23,,138871,4222,0,544,ru
28,ZU2lN-wtMyM,UC4gVKW7oYok8-3vmeIBNB_w,22,ru,425941,24952,0,921,ru
29,YutIT9PmfOQ,UCCB4-saKfwGbUFO2-rRdUqQ,22,,820489,40962,0,2810,ru
30,4Ef5wMxymmw,UCRHPpOHE69ybKdWxMg4RUlQ,24,ru,54912,1411,0,62,ru
31,bd0hf0gLLpM,UCGTl_sQxago30b5vfoMomCg,24,ru,73529,2768,0,58,ru
32,lrq0ZCYbwU8,UC3PNW3_vmoG6E-37_MDeBMg,15,ru,186287,16484,0,1987,ru
33,AckbtlrPMD8,UCwd0QUcZSa5iGjt-v8z5w2g,2,ru,176654,5674,0,866,ru
34,g1dT00eRc8s,UCMmiCMev7hHkRj317oppwdw,22,,284223,6092,0,167,ru
35,BJtzbn_mCec,UCyHaQYyBQ5AwVWmHw_VJejA,20,ru,56254,4215,0,224,ru
36,3NrSwpVgji4,UCUHQKxU-_DWsrwBxlKWgsew,24,,598178,60321,0,1950,ru
37,7_u9SWStpZ4,UCAphHC9y9jP3sR2oJnRHnzA,1,,212395,8020,0,155,ru
38,iK1LrVde_GA,UC2tsySbe9TNrI-xh2lximHA,24,ru,8102494,372635,0,16833,ru
39,4H0yes9ObnE,UC5DWMy_XjL3v3VfLIZFZvpw,2,ru,43213,3522,0,426,ru
40,YbKwbk64NAE,UCORAArCoR3mRANxVDFjKqKg,2,ru,18945,1443,0,208,ru
41,PYi6EgAegzw,UCx7Y6vzM8dTD-2VkP9M-DUQ,1,ru,471301,27158,0,1167,ru
42,qVQffCg5S-g,UCf-93UzlIE8e1TYplFKTJwQ,20,ru,24778,2194,0,22,ru
43,C1F-cEN-Kd0,UCQG69QvirDDp4OKdsA0R_uQ,17,ru,131817,7768,0,72,ru
44,gxVVGDQB8sg,UCuXYmUOJSbEH1x88WUV1aMg,23,ru,174203,29535,0,968,ru
45,RpuNuXMD0P8,UCrpt82vHWIWZSHtNQxncPrg,20,ru,1215642,113812,0,10563,ru
46,F1eshhh-orI,UCop3kn61J_3JhrYp7Jddkgw,22,ru,138391,2974,0,296,ru
47,RHWAFgS9yT4,UCZctsW8Tpx8Tz9Ln4KUmR3g,25,uk,478039,17800,0,942,ru
48,S3C0zsffw7M,UCtetJiD_llxdGL4Uh5-Oe2w,17,ru,496954,12294,0,1167,ru
49,Kzr7GHOaE9M,UC63WqTQGkX4j1tj60WDhxww,2,,148587,11742,0,1027,ru
0,W3xtCK-yY08,UC-o7jbSVKsgX53b10fpxvtw,24,kk,1853640,32221,0,14201,kz
1,2pVujmGqWBA,UCW4Ah_bgAE1gAyMxs6xLxBQ,20,ru,5531263,436441,0,1409,kz
2,0PSok30sGJY,UCS-_94qsFjXIn6Rp7AjMnVQ,22,ru,5156945,288864,0,,kz
3,i_aKXVKQzbk,UCg7YNHS1ld_LBCupWa1I_AQ,22,ru,288009,4658,0,3230,kz
4,GO6NYxPkxec,UCTEZxfUxEtY4TOsFKv80fnQ,23,en-US,2919369,189505,0,532,kz
5,yVPXnd5pGgQ,UCyN8Cpug_YwyAKCXbJ9jXrg,1,ru,2434077,12325,0,884,kz
6,n5ZbMk27p5k,UCiWMFQCGvwGSc8QWHOqcQhw,25,ru,1514083,29626,0,7146,kz
7,wkWJN_3emwg,UCt3igz3aIXfS108KV_jZsMA,25,ru,578528,14742,0,2947,kz
8,12H0EtGgqKQ,UCUMD-GjA8agUOw62GG2o5aA,23,kk,4104881,126477,0,5694,kz
9,BS8GRhTNjE8,UCQTzJnAqWZwzH0GCp1hIsFg,15,ru,3161808,254398,0,557,kz
10,NV_d0kmwNL8,UC6cqazSR6CnVMClY0bJI0Lg,23,ru,5980134,391205,0,87848,kz
11,zrZdUFduXes,UCBvkQIEBftsyZ41KQBeUvzA,10,kk,483118,19281,0,3681,kz
12,SvdYnqudSOI,UCgqy_Kgctp5quGUsvIyqKVw,23,en-US,57494997,2234185,0,1124,kz
13,PgbIVpb2Szc,UCudM1oGq2njKOWSXT_Rdp3g,10,ru,2348055,140167,0,604,kz
14,ikUcovqKWCs,UCsRbA_leAOKaeDLXmGEmHjg,1,ru,1177571,5830,0,396,kz
15,xTm7v93Mebg,UCx5Ss5P2GQ-q1Q62wXqf59A,24,,1851575,154775,0,1680,kz
16,o0cL6o1zKfo,UCnm_vYgguleXm0FL4F2vejg,24,ru,1984834,64166,0,3042,kz
17,COBQ5iJ6-Do,UCmBiPXJLmx1pzTnzPYSABdg,25,kk,140631,1381,0,732,kz
18,e6suFNbou5Y,UClFN9LShD_Pv0wnSeUKbUZw,15,,147890177,6557557,0,5951,kz
19,iK1LrVde_GA,UC2tsySbe9TNrI-xh2lximHA,24,ru,8102494,372635,0,16833,kz
20,74z4CD0xjr8,UCZjrWVxOQPq8eNeULxOt-9Q,17,,350054,9282,0,242,kz
21,1xROmaSRktM,UC9RUDNGT_F-d40MykAQJsnQ,24,,40854553,1041211,0,542,kz
22,MJWyPIpK1Zo,UCjxM3unn52MQw6tI7Kk7n_A,24,ru,7435879,423675,0,2643,kz
23,MWvnTHlLiKI,UCymA9jx0jKHHMWY-3SREmrw,24,ru,1952887,7333,0,447,kz
24,ohSoVJQVrlE,UCO4hWU1s0caDEscdVV0my-A,20,ru,1906098,169790,0,3644,kz
25,TNUFImlrwZI,UCWaOde99oeUVoXbIj3SNu9g,24,en,26637795,925800,0,475,kz
26,mk-g5MSfZWc,UCB99Xxp62Ptp6IRJSLVytAQ,23,ru,1562783,67911,0,179,kz
27,xEIldng2HR8,UClk5AUhvoAzN41inRfdLPYw,24,zxx,104027596,5549509,0,12003,kz
28,IiIkhUAsWCs,UCvQXaJTjA3jRucTKN4CGiwg,22,ru,1466706,26117,0,14001,kz
29,yyjAKPvuAK0,UCdcZhYtGKo8n1VRLgxMe_hA,22,en,20585322,1244316,0,1390,kz
30,ssgc9JgkdEg,UCOJRJqAaearydfTvGKriCPQ,17,,399125,19220,0,535,kz
31,460WdAeZT2g,UCaPUQ2WnmAxqdl8mbgIfzng,17,ru,261849,2920,0,514,kz
32,NcJzPa0g--s,UCkaUg9b9LplVoJdx1JwwyOg,10,en,5461961,124421,0,7276,kz
33,UplD9M_aR-c,UCiJ6RBthQvEPI4UsSNtM8jw,25,,236699,4074,0,741,kz
34,BHOrwmeSrQQ,UCqPSpViOkFJPodlL7wV8WNA,20,,980463,110676,0,749,kz
35,V6i72srwsxc,UCbt1nwQXG6PZIn8iEgvMyVw,1,ru,416581,2569,0,136,kz
36,GVSyf3gR_Cs,UCbh7BxJWCMnWLwJ-traa6Wg,10,,1052538,80997,0,3983,kz
37,FJ_F0H7dcCg,UCS-_94qsFjXIn6Rp7AjMnVQ,22,ru,2129475,135639,0,,kz
38,-fJKeyPG_qE,UCm9rrfgdYVNB7J9SAxe1vwg,22,,200636,3616,0,584,kz
39,1t7qdPzeSyg,UCPTzk98-JMNnvwKVyws1z5w,23,,14264188,288936,0,497,kz
40,dm0iFuAKNZo,UC9XJvt8OT-9_8QHDBdqocaw,2,ru,2081933,107947,0,1798,kz
41,Gro0i9TfnvA,UCu57WEkY0uhxTPtT-UAfA5w,1,ru,1074925,6781,0,326,kz
42,QBHZiCJT9W4,UCiJ6RBthQvEPI4UsSNtM8jw,25,kk,501262,13193,0,1913,kz
43,w2hqr1bJYbw,UCVJHAwH_0nN5gqzMNjFRgGw,24,en-US,10567100,452340,0,1211,kz
44,3k0-cT6Rh0U,UC-o7jbSVKsgX53b10fpxvtw,24,kk,98513,3406,0,396,kz
45,OX-QnH0Xz6c,UCmBiPXJLmx1pzTnzPYSABdg,24,kk,120330,1126,0,557,kz
46,wfHmq_1qsRc,UCUDYVKqAW-4H2BQq1YX0hKg,24,ru,1788616,13489,0,401,kz
47,iSjb9ELC1qo,UC608azSGWiQYi5ImYgOZgdg,1,ru,4651271,33317,0,2719,kz
48,Hbb5GPxXF1w,UCaO6TYtlC8U5ttz62hTrZgg,10,ko,42882220,1468347,0,222023,kz
49,C7cwQoFWt2Y,UCk8JJTJHMb7DXTrA7Ivw7cQ,1,es,4418096,23027,0,1462,kz
0,NV_d0kmwNL8,UC6cqazSR6CnVMClY0bJI0Lg,23,ru,5980134,391205,0,87848,ee
1,u7_lljUeHrY,UCp2J7GRxQ36QLqW4ReLLt5g,22,ru,1356584,62074,0,40209,ee
2,gD-3yvCpGYE,UCtngyXlWB6z-0BPoFxAP-yQ,10,,102444,1673,0,35,ee
3,t1oUqN-Rivg,UC5G6kTnHXDz0WIBC2VGBOqg,17,en,223549,2924,0,59,ee
4,4gbufODHYiA,UCEC4D0dTTJr_EEnEJz15hnQ,25,uk,1579886,51635,0,4321,ee
5,_t9LL1VcG3Q,UCUaT_39o1x6qWjz7K2pWcgw,24,en,5619974,240517,0,5253,ee
6,oBYl9BBs0CE,UCQVtD_N4OeD-9PshBq7NwyQ,25,ru,1943107,404759,0,5706,ee
7,BhlkzNE-Fhw,UCvQXaJTjA3jRucTKN4CGiwg,22,ru,431430,15475,0,2565,ee
8,k8FtFu8ogtY,UCQVtD_N4OeD-9PshBq7NwyQ,25,ru,1921253,335824,0,8435,ee
9,Noz8-92pOFw,UCDogdKl7t7NHzQ95aEwkdMw,24,en,4012600,286501,0,8305,ee
10,nopEs-K4ExM,UCIPPMRA040LQr5QPyJEbmXA,20,,13127050,453781,0,16156,ee
11,x6trJeN-xuM,UC5p_l5ZeB_wGjO_yDXwiqvw,20,en-GB,2937736,310396,0,17151,ee
12,_tE-1-08pRQ,UCx9IOA6Y_LKMk7h0jKXQLSw,23,et,22816,652,0,35,ee
13,k3Ncs0anYCI,UCpJuziZAwEFnoeNGSaxQlCQ,22,ru,3801892,214605,0,31653,ee
14,q03cc1n8RVA,UCw1SQ6QRRtfAhrN_cjkrOgA,20,en,4974992,206917,0,11205,ee
15,tY0hgONUYUw,UCQVtD_N4OeD-9PshBq7NwyQ,25,ru,1924842,434060,0,4733,ee
16,nmS_Hbyn55k,UCAe4XfXD-WqP5FsGSO_h-xg,2,ru,1481448,79495,0,1463,ee
17,d2HTkEdyG2A,UCDogdKl7t7NHzQ95aEwkdMw,24,en,8903442,642350,0,18598,ee
18,UNjJoCN33mM,UCG26bSkEjJc7SqGsxoHNnbA,25,uk,830246,15451,0,1409,ee
19,-r_dBXK-ML4,UC7qnYpVcuFbURi3E2E6_f6Q,25,ru,701758,15877,0,1567,ee
20,HTTai9odPfI,UCOfVHvuOx5SanXGv29_yY-A,23,,2151996,95688,0,2161,ee
21,ZcJpj7uZNXM,UCwipTluVS2mjuhPtx2WU7eQ,24,ru,4550243,554967,0,23157,ee
22,6ehOgGlcn6E,UC8kI2B-UUv7A5u3AOUnHNMQ,25,ru,1251646,112974,0,9701,ee
23,5ZO5_CfTMoc,UCKaCalz5N5ienIbfPzEbYuA,24,en,4933398,132163,0,21113,ee
24,QmpTkkaKYSU,UC3IZKseVpdzPSBaWxBxundA,10,ko,16217424,3185150,0,465325,ee
25,iK1LrVde_GA,UC2tsySbe9TNrI-xh2lximHA,24,ru,8102494,372635,0,16833,ee
26,uPaUAM7zXj8,UCJTBRN07wXXuUNZ722TtQYg,17,,1858007,39855,0,6168,ee
27,ewgCqJDI_Nk,UCQJWtTnAHhEG5w4uN0udnUQ,1,en-US,8026931,60559,0,14890,ee
28,4VaqA-5aQTM,UCbOCbp5gXL8jigIBZLqMPrw,10,,13120423,953152,0,32297,ee
29,YMrWXz0BCJ8,UCbp9MyKCTEww4CxEzc_Tp0Q,22,en-US,10406218,546340,0,21451,ee
30,pOEZ0hgKotM,UCzGopY7iPhbmjsiYWvaIg2A,10,zxx,138999,2238,0,145,ee
31,tc_hSFVd4D0,UCG4yz4wtp2E5S62L06yqC9w,2,ru,2231902,116731,0,5638,ee
32,s-GLAIY4DXA,UCnRR-BtJ7dL3azi2XC09JBA,1,ru,3828329,370315,0,50730,ee
33,fIgysTSIXfE,UCRijo3ddMTht_IHyNSNXpNQ,17,en,3883064,172891,0,12592,ee
34,rg3RYN679S0,UCDaIW2zPRWhzQ9Hj7a0QP1w,25,ru,1161477,79163,0,2122,ee
35,dA_0XIky2UM,UC-wWyFdk_txbZV8FKEk0V8A,25,ru,921042,18610,0,1331,ee
36,dm0iFuAKNZo,UC9XJvt8OT-9_8QHDBdqocaw,2,ru,2081933,107947,0,1798,ee
37,bOIIk4BF2WM,UC3sznuotAs2ohg_U__Jzj_Q,1,en,1545553,108406,0,7334,ee
38,z6xXgUlBxwg,UCUaT_39o1x6qWjz7K2pWcgw,24,en,7647403,285267,0,5256,ee
39,lDkGLFGbTsE,UCSUf5_EPEfl4zlBKZHkZdmw,23,en,2096769,160159,0,7651,ee
40,wB7O6kUGn0A,UCZIFo5MmrUJS5JbLOxgnHuQ,25,uk,773378,27862,0,959,ee
41,48aPpt02360,UC4-79UOlP48-QNGgCko5p2g,22,,16889794,1136136,0,3537,ee
42,TwpCu7G-sVE,UCf31Gf5nCU8J6eUlr7QSU0w,20,ru,2083168,239225,0,8034,ee
43,pma0rkGM4h8,UCNQJDRz_59MNhoLjfBoCcMA,24,,1042566,57324,0,2495,ee
44,tzOpY1ncU10,UC1_FrNtrgzFPQVHuwAAR3xQ,17,ru,2143534,58640,0,14175,ee
45,T1QUEKLNPtA,UCUaT_39o1x6qWjz7K2pWcgw,24,en,11184893,339171,0,12584,ee
46,H8gfaj_X_nA,UC0QHWhjbe5fGJEPz3sVb6nw,27,en,1921537,91829,0,5310,ee
47,lUFVqwRb_es,UCrkAQu1GI_Vhr5UtnFNqm-w,10,et,188281,2905,0,165,ee
48,vjqt8T3tJIE,UC6nSFpj9HTCZ5t-N3Rm3-HA,24,en-GB,7386158,525386,0,37773,ee
49,_DMDQJuar00,UCBG57608Hukev3d0d-gvLhQ,25,ru,211246,6103,0,1342,ee
0,w1yM8-6BeMA,UCZ-nahg7H6hL3cQUdt0XMTw,24,ka,147857,6593,0,156,ge
1,KpRaIeEQRsU,UC4tyylntl2l2-lA5N8GTddg,22,,85357,6057,0,209,ge
2,ppAoSnEVPyU,UCWGTHK0UMoa3uCqMfhGG-IA,24,,85429,7332,0,202,ge
3,s0tuxhuNTx4,UCfAbkNKEJ-UwgCdKpJnv94w,20,ka,97745,6154,0,354,ge
4,TCuzIEdjv0Y,UCFq4_AtSew8EdotLQLquOXg,1,tr,3856884,83176,0,6996,ge
5,jYIObcnzs5g,UCq3oLUfLvr7LtsNLFVtY_jQ,22,ka,290784,1932,0,152,ge
6,SIcGMdd6CJU,UCeYa3QaP2n7I8SpGSqD-kUQ,17,en-GB,94785,555,0,4,ge
7,NV_d0kmwNL8,UC6cqazSR6CnVMClY0bJI0Lg,23,ru,5980134,391208,0,87826,ge
8,3PHAkDyBGaM,UCyagEfIN1okQ-s996XAqCFQ,24,en,18637207,841570,0,2272,ge
9,yyjAKPvuAK0,UCdcZhYtGKo8n1VRLgxMe_hA,22,en,20585322,1244316,0,1390,ge
10,2eGHSuuJ_PM,UCgHzCWPKJDOKwMEBySIDxLg,10,,267622,2814,0,170,ge
11,aVBvYyEzUhY,UC5e2mMwOgzCkJ1sFM_KgdkQ,10,az,338365,15717,0,1628,ge
12,kNNwBhaVRwk,UCeYa3QaP2n7I8SpGSqD-kUQ,17,en-GB,67982,339,0,3,ge
13,xEIldng2HR8,UClk5AUhvoAzN41inRfdLPYw,24,zxx,104027596,5549509,0,12003,ge
14,v7-0OVqhBbU,UCfAbkNKEJ-UwgCdKpJnv94w,20,ka,243095,21463,0,4665,ge
15,Zq5CclVYdf8,UC15t9Xp6gXmuqNgTKVTgC2g,24,tr,2188813,36277,0,1534,ge
16,_D2U2Un44mU,UCeYa3QaP2n7I8SpGSqD-kUQ,17,en-GB,60101,344,0,1,ge
17,SvdYnqudSOI,UCgqy_Kgctp5quGUsvIyqKVw,23,en-US,57494997,2234189,0,1124,ge
18,e6suFNbou5Y,UClFN9LShD_Pv0wnSeUKbUZw,15,,147890177,6557559,0,5951,ge
19,CHyC5q5YfnY,UCtJyo-l0J27sdb6NOPDRQ0w,2,ka,112883,7362,0,625,ge
20,vBqhycuED6o,UCP15enbGNaTKryGPBfvyegQ,23,ka,146361,3157,0,61,ge
21,Qy74EybPB1k,UCZ-nahg7H6hL3cQUdt0XMTw,24,ka,199841,8085,0,216,ge
22,ARavLcxG_xE,UCFq4_AtSew8EdotLQLquOXg,1,tr,2428021,50538,0,4662,ge
23,6sn6qd5TfF4,UCx18ywTcohtS9lpNXt8noWQ,17,,145612278,5746288,0,10006,ge
24,7t4eLKwAbC0,UC6VAIqNQBc7ggiqvsOHOBqw,22,en,7105091,386958,0,17025,ge
25,RhMOZNP-Nlw,UCFq4_AtSew8EdotLQLquOXg,1,tr,5643726,115959,0,11128,ge
26,2NjoNMJ5M-s,UCfG3-APgydfwqhgSA2KMzoQ,10,,1304572,17130,0,293,ge
27,ABbFTaUjoI0,UC6VAIqNQBc7ggiqvsOHOBqw,22,en,47822475,2874420,0,5814,ge
28,iK1LrVde_GA,UC2tsySbe9TNrI-xh2lximHA,24,ru,8102494,372637,0,16833,ge
29,QmpTkkaKYSU,UC3IZKseVpdzPSBaWxBxundA,10,ko,16217424,3185150,0,465383,ge
30,r8b1L_QrjL4,UCDIFeIrsuYy9ymmYFZy-OVA,23,ka,87738,2449,0,108,ge
31,2pVujmGqWBA,UCW4Ah_bgAE1gAyMxs6xLxBQ,20,ru,5531263,436444,0,1409,ge
32,oPJrdvTL72Y,UC3xWCpnWd8l7HaiqfvtzIhQ,24,,17564754,,0,5215,ge
33,yCOnOT7FljY,UCj1T8oc8-jnnOsTmC-ZkzXQ,24,ka,193642,15826,0,562,ge
34,GO6NYxPkxec,UCTEZxfUxEtY4TOsFKv80fnQ,23,en-US,2919369,189508,0,532,ge
35,hmSUBOSdfzk,UCgqy_Kgctp5quGUsvIyqKVw,23,en-US,71893228,2929088,0,1484,ge
36,gSoEwJDNTCY,UCM44x9uWlx__9M9Y2IFhxzQ,24,,1347720,82728,0,3483,ge
37,TW6goTwb8Ag,UCHprDc8AKwqFlpEIvl684Lg,24,tr,3693022,62184,0,2176,ge
38,6Emw-4jdqdo,UC3xWCpnWd8l7HaiqfvtzIhQ,24,,45105278,,0,6242,ge
39,1xROmaSRktM,UC9RUDNGT_F-d40MykAQJsnQ,24,,40854553,1041211,0,542,ge
40,IVJAmzDJOCs,UCDIFeIrsuYy9ymmYFZy-OVA,23,ka,47883,1509,0,71,ge
41,0PSok30sGJY,UCS-_94qsFjXIn6Rp7AjMnVQ,22,ru,5156945,288864,0,,ge
42,2iEdSwp2uYQ,UCq3oLUfLvr7LtsNLFVtY_jQ,22,ka,422646,2958,0,494,ge
43,k3Ncs0anYCI,UCpJuziZAwEFnoeNGSaxQlCQ,22,ru,3801892,214605,0,31653,ge
44,k8FtFu8ogtY,UCQVtD_N4OeD-9PshBq7NwyQ,25,ru,1921253,335824,0,8435,ge
45,yVPXnd5pGgQ,UCyN8Cpug_YwyAKCXbJ9jXrg,1,ru,2434077,12325,0,884,ge
46,XX6KiALcRR8,UCsSWcmPx3BF-NRd-BoDjTEQ,10,ru,730834,9097,0,183,ge
47,6ehOgGlcn6E,UC8kI2B-UUv7A5u3AOUnHNMQ,25,ru,1251646,112974,0,9701,ge
48,GyDDzBvKLLs,UC7IeD-bOHg9oN1lA6KslpCA,26,,17528998,280105,0,82,ge
49,w2hqr1bJYbw,UCVJHAwH_0nN5gqzMNjFRgGw,24,en-US,10567100,452342,0,1211,ge
0,NV_d0kmwNL8,UC6cqazSR6CnVMClY0bJI0Lg,23,ru,5980134,391208,0,87826,lv
1,oBYl9BBs0CE,UCQVtD_N4OeD-9PshBq7NwyQ,25,ru,1943107,404759,0,5706,lv
2,yVPXnd5pGgQ,UCyN8Cpug_YwyAKCXbJ9jXrg,1,ru,2434077,12325,0,884,lv
3,u7_lljUeHrY,UCp2J7GRxQ36QLqW4ReLLt5g,22,ru,1356584,62075,0,40406,lv
4,k8FtFu8ogtY,UCQVtD_N4OeD-9PshBq7NwyQ,25,ru,1921253,335824,0,8435,lv
5,dm0iFuAKNZo,UC9XJvt8OT-9_8QHDBdqocaw,2,ru,2081933,107947,0,1798,lv
6,k3Ncs0anYCI,UCpJuziZAwEFnoeNGSaxQlCQ,22,ru,3801892,214605,0,31653,lv
7,jU2f42woRPU,UC3SPthDmrKuKTOvzOiAwQxg,10,,1046275,14399,0,368,lv
8,6ehOgGlcn6E,UC8kI2B-UUv7A5u3AOUnHNMQ,25,ru,1251646,112974,0,9701,lv
9,tY0hgONUYUw,UCQVtD_N4OeD-9PshBq7NwyQ,25,ru,1924842,434060,0,4733,lv
10,nmS_Hbyn55k,UCAe4XfXD-WqP5FsGSO_h-xg,2,ru,1481448,79495,0,1463,lv
11,ZcJpj7uZNXM,UCwipTluVS2mjuhPtx2WU7eQ,24,ru,4550243,554967,0,23157,lv
12,gSoEwJDNTCY,UCM44x9uWlx__9M9Y2IFhxzQ,24,,1347720,82729,0,3483,lv
13,s-GLAIY4DXA,UCnRR-BtJ7dL3azi2XC09JBA,1,ru,3828329,370315,0,50730,lv
14,3jKfUwdTNrw,UCt3igz3aIXfS108KV_jZsMA,25,ru,239466,9284,0,,lv
15,4gbufODHYiA,UCEC4D0dTTJr_EEnEJz15hnQ,25,uk,1579886,51635,0,4321,lv
16,AesQB9F6upU,UC0lT9K8Wfuc1KPqm6YjRf1A,2,ru,1454210,61668,0,3124,lv
17,2pVujmGqWBA,UCW4Ah_bgAE1gAyMxs6xLxBQ,20,ru,5531263,436444,0,1409,lv
18,_t9LL1VcG3Q,UCUaT_39o1x6qWjz7K2pWcgw,24,en,5619974,240519,0,5253,lv
19,MWvnTHlLiKI,UCymA9jx0jKHHMWY-3SREmrw,24,ru,1952887,7333,0,447,lv
20,3NrSwpVgji4,UCUHQKxU-_DWsrwBxlKWgsew,24,,598178,60321,0,1950,lv
21,quIXDIWVKHU,UCF0yfUFQlNS67JpGIh_9ApA,1,,977496,157347,0,3609,lv
22,tc_hSFVd4D0,UCG4yz4wtp2E5S62L06yqC9w,2,ru,2231902,116731,0,5638,lv
23,JsCstbyqIbo,UCNRYbltJXhf6DepS26-uSbQ,29,ru,883501,35051,0,5281,lv
24,iK1LrVde_GA,UC2tsySbe9TNrI-xh2lximHA,24,ru,8102494,372634,0,16833,lv
25,e5Vr2PHFehg,UCWnqnojAgMdN0fQpr_xByJw,10,ru,4950887,267093,0,20687,lv
26,o0cL6o1zKfo,UCnm_vYgguleXm0FL4F2vejg,24,ru,1984834,64166,0,3042,lv
27,pjDmJb_jxNI,UCJDBeG3tqcHBNKH6yBLCRcQ,22,ru,127806,11914,0,813,lv
28,YMrWXz0BCJ8,UCbp9MyKCTEww4CxEzc_Tp0Q,22,en-US,10406218,546340,0,21451,lv
29,x6trJeN-xuM,UC5p_l5ZeB_wGjO_yDXwiqvw,20,en-GB,2937736,310399,0,17151,lv
30,BHOrwmeSrQQ,UCqPSpViOkFJPodlL7wV8WNA,20,,980463,110678,0,749,lv
31,1YGjriOi8r4,UC3SPthDmrKuKTOvzOiAwQxg,10,,36401,1100,0,36,lv
32,QmpTkkaKYSU,UC3IZKseVpdzPSBaWxBxundA,10,ko,16217424,3185150,0,465383,lv
33,nopEs-K4ExM,UCIPPMRA040LQr5QPyJEbmXA,20,,13127050,453782,0,16156,lv
34,Vv7Pnyu4GU8,UC-7YAe1YYXVS_ZxLRwLVblA,1,ru,393505,,0,258,lv
35,q03cc1n8RVA,UCw1SQ6QRRtfAhrN_cjkrOgA,20,en,4974992,206917,0,11205,lv
36,5aKD-LIrn3U,UCUTYX1IOaUXqYB1_Ca5iXPQ,24,ru,257136,21255,0,777,lv
37,ibCg9o5Wfhs,UC1eFXmJNkjITxPFWTy6RsWg,22,ru,2690162,76162,0,4385,lv
38,Nw6qnLl40u8,UCXoAjrdHFa2hEL3Ug8REC1w,25,ru,356909,4896,0,417,lv
39,5ZO5_CfTMoc,UCKaCalz5N5ienIbfPzEbYuA,24,en,4933398,132164,0,21113,lv
40,wB7O6kUGn0A,UCZIFo5MmrUJS5JbLOxgnHuQ,25,uk,773378,27862,0,959,lv
41,0emN_FUzXWQ,UCAvrIl6ltV8MdJo3mV4Nl4Q,20,ru,892512,101563,0,5093,lv
42,Noz8-92pOFw,UCDogdKl7t7NHzQ95aEwkdMw,24,en,4012600,286502,0,8305,lv
43,-r_dBXK-ML4,UC7qnYpVcuFbURi3E2E6_f6Q,25,ru,701758,15877,0,1567,lv
44,dA_0XIky2UM,UC-wWyFdk_txbZV8FKEk0V8A,25,ru,921042,18610,0,1331,lv
45,rg3RYN679S0,UCDaIW2zPRWhzQ9Hj7a0QP1w,25,ru,1161477,79163,0,2122,lv
46,Uf9zElxVCgc,UCWqeoQKVbAfMjk8-aC713JQ,22,ru,111487,1753,0,239,lv
47,uPaUAM7zXj8,UCJTBRN07wXXuUNZ722TtQYg,17,,1858007,39855,0,6168,lv
48,HTTai9odPfI,UCOfVHvuOx5SanXGv29_yY-A,23,,2151996,95688,0,2161,lv
49,E_Ll81zmy8o,UC0lT9K8Wfuc1KPqm6YjRf1A,2,ru,1776991,112445,0,5649,lv
0,0uAIEVI__iE,UCvEFtIm2D5ePEBbKaAyvZ2w,25,lt,53771,813,0,70,lt
1,4iRRvN23F08,UCCHySUOeQDI9BCEOSk1hKTQ,10,lt,72027,2174,0,81,lt
2,d7nTAhkJbAI,UCSl5n-uyf2iq1-k_OidyXlw,23,,129786,4505,0,114,lt
3,Yjj8E2tjzIU,UCtInrnU3QbWqFGsdKT1GZtg,17,en-US,51561,377,0,14,lt
4,oBYl9BBs0CE,UCQVtD_N4OeD-9PshBq7NwyQ,25,ru,1943107,404759,0,5706,lt
5,z5FjO81pvIg,UCdKdE8ddDpV9VoiICXolxSg,24,lt,79669,3413,0,172,lt
6,NV_d0kmwNL8,UC6cqazSR6CnVMClY0bJI0Lg,23,ru,5980134,391208,0,87851,lt
7,nomdEM8vZj4,UCtInrnU3QbWqFGsdKT1GZtg,17,en-US,66088,576,0,12,lt
8,uF17kuSRpJg,UCTxo4IC4jAyaUxmbDD_GIOw,24,,45073,2064,0,51,lt
9,5Hjx22n7MfA,UCR3lnMDr-wKZWAU9hwmb2kg,20,lt,38357,3054,0,147,lt
10,k8FtFu8ogtY,UCQVtD_N4OeD-9PshBq7NwyQ,25,ru,1921253,335824,0,8435,lt
11,WzLsvE19Qds,UCJhkoXOQKRwgy9fiPAIQfdQ,24,lt,125083,5114,0,159,lt
12,yVPXnd5pGgQ,UCyN8Cpug_YwyAKCXbJ9jXrg,1,ru,2434077,12325,0,884,lt
13,tY0hgONUYUw,UCQVtD_N4OeD-9PshBq7NwyQ,25,ru,1924842,434060,0,4733,lt
14,3jKfUwdTNrw,UCt3igz3aIXfS108KV_jZsMA,25,ru,239466,9284,0,,lt
15,rceAt4etN7s,UCyWmj0hOwqhZms16ENLwbpw,10,,74693,2613,0,186,lt
16,CMX88LaVU7w,UCvEFtIm2D5ePEBbKaAyvZ2w,25,lt,142913,1255,0,128,lt
17,u7_lljUeHrY,UCp2J7GRxQ36QLqW4ReLLt5g,22,ru,1356584,62075,0,40406,lt
18,nopEs-K4ExM,UCIPPMRA040LQr5QPyJEbmXA,20,,13127050,453782,0,16156,lt
19,6ehOgGlcn6E,UC8kI2B-UUv7A5u3AOUnHNMQ,25,ru,1251646,112974,0,9701,lt
20,x6trJeN-xuM,UC5p_l5ZeB_wGjO_yDXwiqvw,20,en-GB,2937736,310399,0,17151,lt
21,QgQsAxUZ42c,UC6rlTjdr8cqk4IJe1GoWukQ,24,lt,26636,1592,0,80,lt
22,-r_dBXK-ML4,UC7qnYpVcuFbURi3E2E6_f6Q,25,ru,701758,15877,0,1567,lt
23,YMrWXz0BCJ8,UCbp9MyKCTEww4CxEzc_Tp0Q,22,en-US,10406218,546340,0,21451,lt
24,xEIldng2HR8,UClk5AUhvoAzN41inRfdLPYw,24,zxx,104027596,5549511,0,12003,lt
25,5ZO5_CfTMoc,UCKaCalz5N5ienIbfPzEbYuA,24,en,4933398,132164,0,21113,lt
26,piAG0MMjxI8,UCW_TtllODzCAStNHNPV7ezQ,10,lt,483031,4357,0,326,lt
27,iK1LrVde_GA,UC2tsySbe9TNrI-xh2lximHA,24,ru,8102494,372634,0,16833,lt
28,gSoEwJDNTCY,UCM44x9uWlx__9M9Y2IFhxzQ,24,,1347720,82729,0,3483,lt
29,ejrGhZZIO_c,UCR3lnMDr-wKZWAU9hwmb2kg,20,lt,42703,3357,0,171,lt
30,s-GLAIY4DXA,UCnRR-BtJ7dL3azi2XC09JBA,1,ru,3828329,370315,0,50730,lt
31,Noz8-92pOFw,UCDogdKl7t7NHzQ95aEwkdMw,24,en,4012600,286502,0,8305,lt
32,MWvnTHlLiKI,UCymA9jx0jKHHMWY-3SREmrw,24,ru,1952887,7333,0,447,lt
33,BhlkzNE-Fhw,UCvQXaJTjA3jRucTKN4CGiwg,22,ru,431430,15475,0,2565,lt
34,3PHAkDyBGaM,UCyagEfIN1okQ-s996XAqCFQ,24,en,18637207,841579,0,2272,lt
35,q03cc1n8RVA,UCw1SQ6QRRtfAhrN_cjkrOgA,20,en,4974992,206917,0,11205,lt
36,vjqt8T3tJIE,UC6nSFpj9HTCZ5t-N3Rm3-HA,24,en-GB,7386158,525387,0,37773,lt
37,4gbufODHYiA,UCEC4D0dTTJr_EEnEJz15hnQ,25,uk,1579886,51635,0,4321,lt
38,o0cL6o1zKfo,UCnm_vYgguleXm0FL4F2vejg,24,ru,1984834,64166,0,3042,lt
39,k3Ncs0anYCI,UCpJuziZAwEFnoeNGSaxQlCQ,22,ru,3801892,214605,0,31653,lt
40,_7GchNT9dqo,UCk8JJTJHMb7DXTrA7Ivw7cQ,1,es,676622,3480,0,185,lt
41,2pVujmGqWBA,UCW4Ah_bgAE1gAyMxs6xLxBQ,20,ru,5531263,436444,0,1409,lt
42,3NrSwpVgji4,UCUHQKxU-_DWsrwBxlKWgsew,24,,598178,60321,0,1950,lt
43,SiEQ1HPIIy4,UCja7QUMRG9AD8X2F_vXFb9A,22,en,3281074,130073,0,,lt
44,-GBNLL9b1P4,UCsWV6xMRN2Xx9LL3S4MRbEw,10,,1141864,16969,0,386,lt
45,-0k9EeKq8Z4,UC608azSGWiQYi5ImYgOZgdg,1,ru,3109123,23696,0,1215,lt
46,4VaqA-5aQTM,UCbOCbp5gXL8jigIBZLqMPrw,10,,13120423,953152,0,32297,lt
47,dA_0XIky2UM,UC-wWyFdk_txbZV8FKEk0V8A,25,ru,921042,18610,0,1331,lt
48,w1Y0_BrJGlQ,UCSl5n-uyf2iq1-k_OidyXlw,23,,118132,2780,0,107,lt
49,G2UbULU6NQs,UCYzEMRKqrh01-tauv7MYyVQ,1,en,5868088,238126,0,11365,lt
0,NV_d0kmwNL8,UC6cqazSR6CnVMClY0bJI0Lg,23,ru,5980134,391210,0,87851,md
1,cN56WxCeF4A,UCkAr8bunhQhvDv5krJJlYrg,1,ro,423392,57541,0,1514,md
2,0PSok30sGJY,UCS-_94qsFjXIn6Rp7AjMnVQ,22,ru,5156945,288864,0,,md
3,tDkLqy2d9mw,UCWg9A5Qy49hdbE6Lb30WXfA,10,ro,1575414,72082,0,2507,md
4,yVPXnd5pGgQ,UCyN8Cpug_YwyAKCXbJ9jXrg,1,ru,2434077,12325,0,884,md
5,-12hU-QGvVU,UCqzx-RJyMESr4U7Q49EDLmQ,10,ro,237642,14146,0,1590,md
6,1RcUOUjJEEo,UCb8kT4F7wLJ9lS2rBP_cYEQ,22,,111953,9803,0,634,md
7,G0J-VovoVvE,UC2p_NHNHVQXHBHwWz0Ft0PA,10,ru,413484,18614,0,829,md
8,BS8GRhTNjE8,UCQTzJnAqWZwzH0GCp1hIsFg,15,ru,3161808,254405,0,557,md
9,2pVujmGqWBA,UCW4Ah_bgAE1gAyMxs6xLxBQ,20,ru,5531263,436450,0,1409,md
10,dm0iFuAKNZo,UC9XJvt8OT-9_8QHDBdqocaw,2,ru,2081933,107947,0,1798,md
11,GO6NYxPkxec,UCTEZxfUxEtY4TOsFKv80fnQ,23,en-US,2919369,189508,0,532,md
12,e5Vr2PHFehg,UCWnqnojAgMdN0fQpr_xByJw,10,ru,4950887,267093,0,20687,md
13,ZcJpj7uZNXM,UCwipTluVS2mjuhPtx2WU7eQ,24,ru,4550243,554967,0,23157,md
14,iK1LrVde_GA,UC2tsySbe9TNrI-xh2lximHA,24,ru,8102494,372634,0,16833,md
15,8tqd6zUX8qs,UCH6-5Aow-AORGY6GO-PPkgA,10,,691210,15908,0,287,md
16,DM8yOtj9_aQ,UCuNA27AvfDuDTcoA-gA2cHQ,29,ru,40127,2681,0,602,md
17,ohSoVJQVrlE,UCO4hWU1s0caDEscdVV0my-A,20,ru,1906098,169799,0,3644,md
18,GDw_IJa-iwM,UCEQlZqhRvIsHCc8Pg08kxlg,23,ro,77950,3127,0,122,md
19,u7_lljUeHrY,UCp2J7GRxQ36QLqW4ReLLt5g,22,ru,1356584,62075,0,40267,md
20,KcZwEdN7OM4,UC7KDvRFC5UgxDv3jFGxdjsw,10,ro,212124,6212,0,1112,md
21,_7GchNT9dqo,UCk8JJTJHMb7DXTrA7Ivw7cQ,1,es,676622,3480,0,185,md
22,Vv7Pnyu4GU8,UC-7YAe1YYXVS_ZxLRwLVblA,1,ru,393505,,0,258,md
23,nmS_Hbyn55k,UCAe4XfXD-WqP5FsGSO_h-xg,2,ru,1481448,79495,0,1463,md
24,oBYl9BBs0CE,UCQVtD_N4OeD-9PshBq7NwyQ,25,ru,1943107,404759,0,5706,md
25,e6suFNbou5Y,UClFN9LShD_Pv0wnSeUKbUZw,15,,147890177,6557560,0,5951,md
26,-0k9EeKq8Z4,UC608azSGWiQYi5ImYgOZgdg,1,ru,3109123,23696,0,1215,md
27,pfmLTQsdHjg,UCN2hLnL31XnY-mqEisdUT8g,24,ro,83367,2471,0,32,md
28,k8FtFu8ogtY,UCQVtD_N4OeD-9PshBq7NwyQ,25,ru,1921253,335824,0,8435,md
29,quIXDIWVKHU,UCF0yfUFQlNS67JpGIh_9ApA,1,,977496,157347,0,3609,md
30,C7cwQoFWt2Y,UCk8JJTJHMb7DXTrA7Ivw7cQ,1,es,4418096,23027,0,1462,md
31,PgbIVpb2Szc,UCudM1oGq2njKOWSXT_Rdp3g,10,ru,2348055,140173,0,604,md
32,Tnq9U3F6r8M,UCEC4D0dTTJr_EEnEJz15hnQ,25,uk,2718810,73892,0,6950,md
33,1xTGggEbaD4,UC8iAKe9Z2OnKdJzvIIS3RnQ,24,ro,195906,12581,0,247,md
34,UW9GMtIJMkU,UCgN_VU99ugR-LCGYXWRvGGg,1,ru,810842,5023,0,379,md
35,xEIldng2HR8,UClk5AUhvoAzN41inRfdLPYw,24,zxx,104027596,5549511,0,12003,md
36,gSoEwJDNTCY,UCM44x9uWlx__9M9Y2IFhxzQ,24,,1347720,82730,0,3483,md
37,n5ZbMk27p5k,UCiWMFQCGvwGSc8QWHOqcQhw,25,ru,1514083,29625,0,7146,md
38,o0cL6o1zKfo,UCnm_vYgguleXm0FL4F2vejg,24,ru,1984834,64166,0,3042,md
39,HTTai9odPfI,UCOfVHvuOx5SanXGv29_yY-A,23,,2151996,95688,0,2161,md
40,k3Ncs0anYCI,UCpJuziZAwEFnoeNGSaxQlCQ,22,ru,3801892,214605,0,31653,md
41,MWvnTHlLiKI,UCymA9jx0jKHHMWY-3SREmrw,24,ru,1952887,7333,0,447,md
42,hWlYJeltjpg,UCT-rKW1woPC0uH13yVf3uGw,22,,129126,7895,0,670,md
43,MJWyPIpK1Zo,UCjxM3unn52MQw6tI7Kk7n_A,24,ru,7435879,423675,0,2643,md
44,6ehOgGlcn6E,UC8kI2B-UUv7A5u3AOUnHNMQ,25,ru,1252865,112975,0,9701,md
45,aTLWfYHKQ0k,UCdxJmSUYmmcHvYLUUa303Kg,1,,378858,4133,0,572,md
46,ikUcovqKWCs,UCsRbA_leAOKaeDLXmGEmHjg,1,ru,1177571,5830,0,396,md
47,BHOrwmeSrQQ,UCqPSpViOkFJPodlL7wV8WNA,20,,980463,110679,0,749,md
48,Avi4OIGIgAU,UCAQSE0ps8htNtmO_vR8dmDw,10,ro,269286,6920,0,153,md
49,zmDOQrm18mg,UC443bkeKGCVe0wawZ0i1-pg,10,ro,7306510,86735,0,934,md
